id,region_iso,name
1401,CL-TA,Pozo Almonte
1403,CL-TA,Colchane
1402,CL-TA,Camiña
1404,CL-TA,Huara
1107,CL-TA,Alto Hospicio
1101,CL-TA,Iquique
1405,CL-TA,Pica
2104,CL-AN,Taltal
2101,CL-AN,Antofagasta
2201,CL-AN,Calama
2202,CL-AN,Ollagüe
2203,CL-AN,San Pedro De Atacama
2102,CL-AN,Mejillones
2103,CL-AN,Sierra Gorda
2302,CL-AN,María Elena
2301,CL-AN,Tocopilla
3101,CL-AT,Copiapó
3102,CL-AT,Caldera
3103,CL-AT,Tierra Amarilla
3201,CL-AT,Chañaral
3202,CL-AT,Diego De Almagro
3301,CL-AT,Vallenar
3302,CL-AT,Alto Del Carmen
3303,CL-AT,Freirina
3304,CL-AT,Huasco
4101,CL-CO,La Serena
4102,CL-CO,Coquimbo
4103,CL-CO,Andacollo
4104,CL-CO,La Higuera
4105,CL-CO,Paiguano
4106,CL-CO,Vicuña
4201,CL-CO,Illapel
4202,CL-CO,Canela
4203,CL-CO,Los Vilos
4204,CL-CO,Salamanca
4301,CL-CO,Ovalle
4302,CL-CO,Combarbalá
4303,CL-CO,Monte Patria
4304,CL-CO,Punitaqui
4305,CL-CO,Río Hurtado
5101,CL-VS,Valparaíso
5102,CL-VS,Casablanca
5103,CL-VS,Concón
5104,CL-VS,Juan Fernández
5105,CL-VS,Puchuncaví
5107,CL-VS,Quintero
5109,CL-VS,Viña Del Mar
5201,CL-VS,Isla De Pascua
5301,CL-VS,Los Andes
5302,CL-VS,Calle Larga
5303,CL-VS,Rinconada
5304,CL-VS,San Esteban
5401,CL-VS,La Ligua
5402,CL-VS,Cabildo
5403,CL-VS,Papudo
5404,CL-VS,Petorca
5405,CL-VS,Zapallar
5501,CL-VS,Quillota
5502,CL-VS,Calera
5503,CL-VS,Hijuelas
5504,CL-VS,La Cruz
5506,CL-VS,Nogales
5601,CL-VS,San Antonio
5602,CL-VS,Algarrobo
5603,CL-VS,Cartagena
5604,CL-VS,El Quisco
5605,CL-VS,El Tabo
5606,CL-VS,Santo Domingo
5701,CL-VS,San Felipe
5702,CL-VS,Catemu
5703,CL-VS,Llaillay
5704,CL-VS,Panquehue
5705,CL-VS,Putaendo
5706,CL-VS,Santa María
5801,CL-VS,Quilpué
5802,CL-VS,Limache
5803,CL-VS,Olmué
5804,CL-VS,Villa Alemana
6310,CL-OH,Santa Cruz
6306,CL-OH,Palmilla
6302,CL-OH,Chépica
6103,CL-OH,Coinco
6104,CL-OH,Coltauco
6117,CL-OH,San Vicente
6105,CL-OH,Doñihue
6111,CL-OH,Olivar
6116,CL-OH,Requínoa
6205,CL-OH,Navidad
6203,CL-OH,Litueche
6202,CL-OH,La Estrella
6115,CL-OH,Rengo
6109,CL-OH,Malloa
6114,CL-OH,Quinta De Tilcoco
6106,CL-OH,Graneros
6110,CL-OH,Mostazal
6102,CL-OH,Codegua
6204,CL-OH,Marchihue
6206,CL-OH,Paredones
6201,CL-OH,Pichilemu
6309,CL-OH,Pumanque
6307,CL-OH,Peralillo
6304,CL-OH,Lolol
6112,CL-OH,Peumo
6113,CL-OH,Pichidegua
6107,CL-OH,Las Cabras
6308,CL-OH,Placilla
6305,CL-OH,Nancagua
6101,CL-OH,Rancagua
6108,CL-OH,Machalí
6301,CL-OH,San Fernando
6303,CL-OH,Chimbarongo
7201,CL-MA,Cauquenes
7202,CL-MA,Chanco
7203,CL-MA,Pelluhue
7102,CL-MA,Constitución
7104,CL-MA,Empedrado
7103,CL-MA,Curepto
7107,CL-MA,Pencahue
7302,CL-MA,Hualañé
7307,CL-MA,Sagrada Familia
7305,CL-MA,Rauco
7303,CL-MA,Licantén
7309,CL-MA,Vichuquén
7401,CL-MA,Linares
7403,CL-MA,Longaví
7404,CL-MA,Parral
7405,CL-MA,Retiro
7406,CL-MA,San Javier
7308,CL-MA,Teno
7106,CL-MA,Pelarco
7108,CL-MA,Río Claro
7110,CL-MA,San Rafael
7101,CL-MA,Talca
7105,CL-MA,Maule
7407,CL-MA,Villa Alegre
7408,CL-MA,Yerbas Buenas
7301,CL-MA,Curicó
7402,CL-MA,Colbún
7306,CL-MA,Romeral
7109,CL-MA,San Clemente
7304,CL-MA,Molina
8308,CL-BI,Quilaco
8314,CL-BI,Alto Biobío
8312,CL-BI,Tucapel
8302,CL-BI,Antuco
8202,CL-BI,Arauco
8201,CL-BI,Lebu
8204,CL-BI,Contulmo
8207,CL-BI,Tirúa
8203,CL-BI,Cañete
8103,CL-BI,Chiguayante
8105,CL-BI,Hualqui
8101,CL-BI,Concepción
8112,CL-BI,Hualpén
8102,CL-BI,Coronel
8108,CL-BI,San Pedro De La Paz
8205,CL-BI,Curanilahue
8206,CL-BI,Los Álamos
8304,CL-BI,Laja
8310,CL-BI,San Rosendo
8109,CL-BI,Santa Juana
8106,CL-BI,Lota
8301,CL-BI,Los Ángeles
8306,CL-BI,Nacimiento
8307,CL-BI,Negrete
8305,CL-BI,Mulchén
8107,CL-BI,Penco
8110,CL-BI,Talcahuano
8309,CL-BI,Quilleco
8311,CL-BI,Santa Bárbara
8111,CL-BI,Tomé
8104,CL-BI,Florida
8303,CL-BI,Cabrero
8313,CL-BI,Yumbel
9101,CL-AR,Temuco
9102,CL-AR,Carahue
9103,CL-AR,Cunco
9104,CL-AR,Curarrehue
9105,CL-AR,Freire
9106,CL-AR,Galvarino
9107,CL-AR,Gorbea
9108,CL-AR,Lautaro
9109,CL-AR,Loncoche
9110,CL-AR,Melipeuco
9111,CL-AR,Nueva Imperial
9112,CL-AR,Padre Las Casas
9113,CL-AR,Perquenco
9114,CL-AR,Pitrufquén
9115,CL-AR,Pucón
9116,CL-AR,Saavedra
9117,CL-AR,Teodoro Schmidt
9118,CL-AR,Toltén
9119,CL-AR,Vilcún
9120,CL-AR,Villarrica
9121,CL-AR,Cholchol
9201,CL-AR,Angol
9202,CL-AR,Collipulli
9203,CL-AR,Curacautín
9204,CL-AR,Ercilla
9205,CL-AR,Lonquimay
9206,CL-AR,Los Sauces
9207,CL-AR,Lumaco
9208,CL-AR,Purén
9209,CL-AR,Renaico
9210,CL-AR,Traiguén
9211,CL-AR,Victoria
10202,CL-LL,Ancud
10205,CL-LL,Dalcahue
10209,CL-LL,Quemchi
10201,CL-LL,Castro
10204,CL-LL,Curaco De Vélez
10210,CL-LL,Quinchao
10203,CL-LL,Chonchi
10206,CL-LL,Puqueldón
10106,CL-LL,Los Muermos
10104,CL-LL,Fresia
10105,CL-LL,Frutillar
10107,CL-LL,Llanquihue
10102,CL-LL,Calbuco
10108,CL-LL,Maullín
10101,CL-LL,Puerto Montt
10302,CL-LL,Puerto Octay
10306,CL-LL,San Juan De La Costa
10305,CL-LL,Río Negro
10303,CL-LL,Purranque
10207,CL-LL,Queilén
10208,CL-LL,Quellón
10307,CL-LL,San Pablo
10301,CL-LL,Osorno
10304,CL-LL,Puyehue
10109,CL-LL,Puerto Varas
10103,CL-LL,Cochamó
10403,CL-LL,Hualaihué
10401,CL-LL,Chaitén
10402,CL-LL,Futaleufú
10404,CL-LL,Palena
11202,CL-AI,Cisnes
11203,CL-AI,Guaitecas
11303,CL-AI,Tortel
11201,CL-AI,Aysén
11302,CL-AI,O'higgins
11301,CL-AI,Cochrane
11401,CL-AI,Chile Chico
11402,CL-AI,Río Ibáñez
11101,CL-AI,Coyhaique
11102,CL-AI,Lago Verde
12102,CL-MG,Laguna Blanca
12103,CL-MG,Río Verde
12402,CL-MG,Torres Del Paine
12401,CL-MG,Natales
12301,CL-MG,Porvenir
12302,CL-MG,Primavera
12303,CL-MG,Timaukel
12201,CL-MG,Cabo De Hornos
12202,CL-MG,Antártica
12104,CL-MG,San Gregorio
12101,CL-MG,Punta Arenas
13404,CL-RM,Paine
13402,CL-RM,Buin
13124,CL-RM,Pudahuel
13103,CL-RM,Cerro Navia
13301,CL-RM,Colina
13303,CL-RM,Tiltil
13302,CL-RM,Lampa
13107,CL-RM,Huechuraba
13104,CL-RM,Conchalí
13504,CL-RM,María Pinto
13503,CL-RM,Curacaví
13112,CL-RM,La Pintana
13105,CL-RM,El Bosque
13106,CL-RM,Estación Central
13121,CL-RM,Pedro Aguirre Cerda
13127,CL-RM,Recoleta
13108,CL-RM,Independencia
13603,CL-RM,Isla De Maipo
13116,CL-RM,Lo Espejo
13109,CL-RM,La Cisterna
13110,CL-RM,La Florida
13122,CL-RM,Peñalolén
13114,CL-RM,Las Condes
13113,CL-RM,La Reina
13115,CL-RM,Lo Barnechea
13132,CL-RM,Vitacura
13126,CL-RM,Quinta Normal
13117,CL-RM,Lo Prado
13102,CL-RM,Cerrillos
13119,CL-RM,Maipú
13501,CL-RM,Melipilla
13118,CL-RM,Macul
13120,CL-RM,Ñuñoa
13605,CL-RM,Peñaflor
13604,CL-RM,Padre Hurtado
13201,CL-RM,Puente Alto
13125,CL-RM,Quilicura
13128,CL-RM,Renca
13403,CL-RM,Calera De Tango
13401,CL-RM,San Bernardo
13203,CL-RM,San José De Maipo
13202,CL-RM,Pirque
13129,CL-RM,San Joaquín
13130,CL-RM,San Miguel
13131,CL-RM,San Ramón
13111,CL-RM,La Granja
13123,CL-RM,Providencia
13101,CL-RM,Santiago
13602,CL-RM,El Monte
13601,CL-RM,Talagante
13505,CL-RM,San Pedro
13502,CL-RM,Alhué
14101,CL-LR,Valdivia
14102,CL-LR,Corral
14103,CL-LR,Lanco
14104,CL-LR,Los Lagos
14105,CL-LR,Máfil
14106,CL-LR,Mariquina
14107,CL-LR,Paillaco
14108,CL-LR,Panguipulli
14201,CL-LR,La Unión
14202,CL-LR,Futrono
14203,CL-LR,Lago Ranco
14204,CL-LR,Río Bueno
15101,CL-AP,Arica
15102,CL-AP,Camarones
15201,CL-AP,Putre
15202,CL-AP,General Lagos
16101,CL-NB,Chillán
16102,CL-NB,Bulnes
16103,CL-NB,Chillán Viejo
16104,CL-NB,El Carmen
16105,CL-NB,Pemuco
16106,CL-NB,Pinto
16107,CL-NB,Quillón
16108,CL-NB,San Ignacio
16109,CL-NB,Yungay
16201,CL-NB,Quirihue
16202,CL-NB,Cobquecura
16203,CL-NB,Coelemu
16204,CL-NB,Ninhue
16205,CL-NB,Portezuelo
16206,CL-NB,Ránquil
16207,CL-NB,Treguaco
16301,CL-NB,San Carlos
16302,CL-NB,Coihueco
16303,CL-NB,Ñiquén
16304,CL-NB,San Fabián
16305,CL-NB,San Nicolás
1,NR,NR
